{
  "left_base_T_head_camera": {
    "matrix": [
      [
        -0.07447774167006171,
        -0.8853158622700692,
        0.45898680809880754,
        0.10788208001032673
      ],
      [
        -0.9970959901530239,
        0.05877525339284795,
        -0.048425778355824484,
        -0.269387504226139
      ],
      [
        0.01589504377120407,
        -0.4612605484990132,
        -0.8871223444271377,
        0.46439631791738495
      ],
      [
        0.0,
        0.0,
        0.0,
        1.0
      ]
    ],
    "rotation_quaternion_xyzw": {
      "w": 0.1558646586751217,
      "x": -0.6621686623067095,
      "y": 0.7106995390968759,
      "z": -0.1792903677349093
    },
    "translation": {
      "x": 0.10788208001032673,
      "y": -0.269387504226139,
      "z": 0.46439631791738495
    }
  },
  "left_base_T_right_base_used": {
    "matrix": [
      [
        0.9999292322610557,
        0.010116455229991205,
        0.006260016245634159,
        -0.023641373867612614
      ],
      [
        -0.010034015476032323,
        0.9998643234836766,
        -0.013063428262003827,
        -0.571840803710491
      ],
      [
        -0.006391322495600583,
        0.012999690692833951,
        0.9998950740145931,
        0.020516939085565566
      ],
      [
        0.0,
        0.0,
        0.0,
        1.0
      ]
    ],
    "rotation_quaternion_xyzw": {
      "w": 0.9999610779624531,
      "x": 0.006516033356004383,
      "y": 0.0031629577940707056,
      "z": -0.005037813758482144
    },
    "translation": {
      "x": -0.023641373867612614,
      "y": -0.571840803710491,
      "z": 0.020516939085565566
    }
  },
  "mode": "head_from_wrist_moving_board",
  "name": "head_d435_try2",
  "residuals": {
    "rotation_max_deg": 1.6940226508534895,
    "rotation_mean_deg": 0.816251316897223,
    "translation_max_m": 0.014874933147103848,
    "translation_mean_m": 0.008774317940446471
  },
  "sample_count": 27,
  "topics": {
    "head_image": "/camera/color/image_raw",
    "left_fk": "/piper_FK_l/urdf_end_pose_orient",
    "left_image": "/gripper/camera_l/color/image_raw",
    "right_fk": "/piper_FK_r/urdf_end_pose_orient",
    "right_image": "/gripper/camera_r/color/image_raw"
  }
}