{
  "inputs": {
    "left_handeye": "/home/piper/pika_ros/calibration/handeye/left_wrist_eye_in_hand.json",
    "left_handeye_residuals": {
      "rotation_max_deg": 3.000789810056211,
      "rotation_mean_deg": 1.7495137518663009,
      "translation_max_m": 0.032019722459215735,
      "translation_mean_m": 0.024029991358799418
    },
    "left_sample_count": 45,
    "left_samples": "/home/piper/pika_ros/calibration/handeye/samples_left_wrist.npz",
    "right_handeye": "/home/piper/pika_ros/calibration/handeye/right_wrist_eye_in_hand.json",
    "right_handeye_residuals": {
      "rotation_max_deg": 3.1969376121373996,
      "rotation_mean_deg": 1.3530462945758726,
      "translation_max_m": 0.028653186301479283,
      "translation_mean_m": 0.011949886864608815
    },
    "right_sample_count": 53,
    "right_samples": "/home/piper/pika_ros/calibration/handeye/samples_right_wrist.npz"
  },
  "left_base_T_board_avg": {
    "matrix": [
      [
        0.05434907670236866,
        0.9985200074811631,
        0.001993118515879152,
        0.27549267067928407
      ],
      [
        0.9985188258603233,
        -0.054343765504690555,
        -0.002628602916547431,
        -0.49675195566996444
      ],
      [
        -0.0025163990386459544,
        0.0021330285018076275,
        -0.9999945589478423,
        0.029861219223235643
      ],
      [
        0.0,
        0.0,
        0.0,
        1.0
      ]
    ],
    "rotation_quaternion_xyzw": {
      "w": 0.0016395311705244516,
      "x": 0.7260660095946686,
      "y": 0.6876230283994245,
      "z": -0.0001801766354063755
    },
    "translation": {
      "x": 0.27549267067928407,
      "y": -0.49675195566996444,
      "z": 0.029861219223235643
    }
  },
  "left_base_T_right_base": {
    "matrix": [
      [
        0.9991348539007205,
        -0.007639471477278145,
        0.040880095356226484,
        -0.021431057592406544
      ],
      [
        0.007553570069155644,
        0.9999689280021301,
        0.002255351298918209,
        -0.5881262690808672
      ],
      [
        -0.040896054821909986,
        -0.0019446094258324168,
        0.9991615140677637,
        0.018629621647149697
      ],
      [
        0.0,
        0.0,
        0.0,
        1.0
      ]
    ],
    "rotation_quaternion_xyzw": {
      "w": 0.9997831384818677,
      "x": -0.001050217933042986,
      "y": 0.020448472031222294,
      "z": 0.003799084261788971
    },
    "translation": {
      "x": -0.021431057592406544,
      "y": -0.5881262690808672,
      "z": 0.018629621647149697
    }
  },
  "left_board_spread": {
    "rotation_max_deg": 2.5563634276229563,
    "rotation_mean_deg": 0.990541418589733,
    "translation_max_m": 0.022780569184067036,
    "translation_mean_m": 0.008015011663123453
  },
  "right_base_T_board_avg": {
    "matrix": [
      [
        0.06194734952020564,
        0.9971584199005299,
        0.04286737114519823,
        0.2968977201150537
      ],
      [
        0.9980774950774984,
        -0.06197438995929838,
        -0.0006991487675449964,
        0.08908129280485887
      ],
      [
        0.001959517095561917,
        0.04282826882622661,
        -0.9990805271258676,
        0.023566531541233865
      ],
      [
        0.0,
        0.0,
        0.0,
        1.0
      ]
    ],
    "rotation_quaternion_xyzw": {
      "w": 0.01493680383348659,
      "x": 0.7285262978447263,
      "y": 0.6846821867929608,
      "z": 0.015382728246521813
    },
    "translation": {
      "x": 0.2968977201150537,
      "y": 0.08908129280485887,
      "z": 0.023566531541233865
    }
  },
  "right_board_spread": {
    "rotation_max_deg": 3.7488737302024195,
    "rotation_mean_deg": 1.141758692681953,
    "translation_max_m": 0.020908929080943706,
    "translation_mean_m": 0.010374940901078596
  }
}