{
  "board": {
    "aruco_dict": 5,
    "marker_length_m": 0.027,
    "square_length_m": 0.037,
    "squares_x": 7,
    "squares_y": 5
  },
  "gripper_T_camera": {
    "matrix": [
      [
        -0.002666882777780266,
        0.011049221314353763,
        0.9999353991356622,
        -0.16004864154656087
      ],
      [
        -0.9752707254444986,
        -0.22101354446471544,
        -0.000158915401173243,
        0.0204961352574495
      ],
      [
        0.22099751090727493,
        -0.9752081459214179,
        0.01136539930223579,
        0.04237920586882811
      ],
      [
        0.0,
        0.0,
        0.0,
        1.0
      ]
    ],
    "rotation_quaternion_xyzw": {
      "w": -0.44375809064729743,
      "x": 0.5493134948243807,
      "y": -0.43883024594107833,
      "z": 0.555663078345307
    },
    "translation": {
      "x": -0.16004864154656087,
      "y": 0.0204961352574495,
      "z": 0.04237920586882811
    }
  },
  "mode": "eye_in_hand",
  "name": "left_wrist_try2",
  "residuals": {
    "rotation_max_deg": 3.339298046875479,
    "rotation_mean_deg": 0.9172101765344207,
    "translation_max_m": 0.011291740089031803,
    "translation_mean_m": 0.006629574308237405
  },
  "sample_count": 16,
  "samples_npz": "/home/piper/pika_ros/calibration/handeye/samples_left_wrist_try2.npz",
  "topics": {
    "camera_info": "/gripper/camera_l/color/camera_info",
    "image": "/gripper/camera_l/color/image_raw",
    "robot_pose": "/piper_FK_l/urdf_end_pose_orient"
  }
}