{
  "inputs": {
    "left_handeye": "/home/piper/pika_ros/calibration/handeye/left_wrist_try2_eye_in_hand.json",
    "left_handeye_residuals": {
      "rotation_max_deg": 3.339298046875479,
      "rotation_mean_deg": 0.9172101765344207,
      "translation_max_m": 0.011291740089031803,
      "translation_mean_m": 0.006629574308237405
    },
    "left_sample_count": 16,
    "left_samples": "/home/piper/pika_ros/calibration/handeye/samples_left_wrist_try2.npz",
    "right_handeye": "/home/piper/pika_ros/calibration/handeye/right_wrist_try2_eye_in_hand.json",
    "right_handeye_residuals": {
      "rotation_max_deg": 1.7745705808638943,
      "rotation_mean_deg": 1.0937448884609988,
      "translation_max_m": 0.013855069926083242,
      "translation_mean_m": 0.009378012016470396
    },
    "right_sample_count": 18,
    "right_samples": "/home/piper/pika_ros/calibration/handeye/samples_right_wrist_try2.npz"
  },
  "left_base_T_board_avg": {
    "matrix": [
      [
        0.07478590420423537,
        0.9970601554559998,
        0.016676778298353838,
        0.27027888317973664
      ],
      [
        0.9971521253635703,
        -0.07493509198567172,
        0.008507107147170062,
        -0.4863514698599395
      ],
      [
        0.009731773490450027,
        0.015993073224257172,
        -0.9998247417390582,
        0.039949884424734794
      ],
      [
        0.0,
        0.0,
        0.0,
        1.0
      ]
    ],
    "rotation_quaternion_xyzw": {
      "w": 0.002552962960254543,
      "x": 0.7330664597990016,
      "y": 0.6800925939806195,
      "z": 0.009006192902361399
    },
    "translation": {
      "x": 0.27027888317973664,
      "y": -0.4863514698599395,
      "z": 0.039949884424734794
    }
  },
  "left_base_T_right_base": {
    "matrix": [
      [
        0.9999292322610557,
        0.010116455229991205,
        0.006260016245634159,
        -0.023641373867612614
      ],
      [
        -0.010034015476032323,
        0.9998643234836766,
        -0.013063428262003827,
        -0.571840803710491
      ],
      [
        -0.006391322495600583,
        0.012999690692833951,
        0.9998950740145931,
        0.020516939085565566
      ],
      [
        0.0,
        0.0,
        0.0,
        1.0
      ]
    ],
    "rotation_quaternion_xyzw": {
      "w": 0.9999610779624531,
      "x": 0.006516033356004383,
      "y": 0.0031629577940707056,
      "z": -0.005037813758482144
    },
    "translation": {
      "x": -0.023641373867612614,
      "y": -0.571840803710491,
      "z": 0.020516939085565566
    }
  },
  "left_board_spread": {
    "rotation_max_deg": 3.3403384699072354,
    "rotation_mean_deg": 0.8113091763839696,
    "translation_max_m": 0.011150523535620491,
    "translation_mean_m": 0.006035780400986282
  },
  "right_base_T_board_avg": {
    "matrix": [
      [
        0.06471297301420187,
        0.9976392787472168,
        0.022980440039224705,
        0.29291745345573383
      ],
      [
        0.9978999135339417,
        -0.06463030562401872,
        -0.00432274957610621,
        0.08870378835581882
      ],
      [
        -0.0028273119062019094,
        0.023211917104779982,
        -0.9997265692236583,
        0.02015406812234434
      ],
      [
        0.0,
        0.0,
        0.0,
        1.0
      ]
    ],
    "rotation_quaternion_xyzw": {
      "w": 0.009435281746258394,
      "x": 0.7295666261318905,
      "y": 0.6838097854274677,
      "z": 0.006905855959952973
    },
    "translation": {
      "x": 0.29291745345573383,
      "y": 0.08870378835581882,
      "z": 0.02015406812234434
    }
  },
  "right_board_spread": {
    "rotation_max_deg": 1.815200624690036,
    "rotation_mean_deg": 0.744740309395542,
    "translation_max_m": 0.012506587353027504,
    "translation_mean_m": 0.005293693246335222
  }
}